{"cameraMode":{"drawMode":0,"name":"Shaded","section":"Shading Mode"},"sceneLighting":false,"audioPlay":false,"sceneViewState":{"m_AlwaysRefresh":false,"showFog":true,"showSkybox":false,"showFlares":true,"showImageEffects":true,"showParticleSystems":true,"showVisualEffectGraphs":true,"m_FxEnabled":true},"in2DMode":false,"pivot":{"x":0.1264801025390625,"y":10.221343994140625,"z":-0.5758476257324219},"rotation":{"x":0.041214149445295337,"y":-0.06359204649925232,"z":0.0026273175608366729,"w":0.9971319437026978},"size":44.329952239990237,"orthographic":false}